transaction_date,branch_id,total_revenue,order_count,customer_count,new_customers,repeat_customers,staff_count,avg_prep_time,avg_review_score,avg_order_value,peak_hour,day_of_week,is_weekend,unique_products_sold,product_diversity_score,total_cost,waste_cost
2023-01-01,1,868.4,190,190,110,80,6,5.57,4.69,4.57,18,6,1,47,0.5875,325.38,9.61
2023-01-01,2,788.35,176,176,94,82,5,5.4,4.48,4.48,9,6,1,51,0.6375,318.91,11.55
2023-01-01,3,851.45,184,184,94,90,5,6.09,4.78,4.63,17,6,1,49,0.6125,348.09,11.36
2023-01-02,1,925.5,212,212,64,148,6,5.81,4.72,4.37,17,0,0,51,0.6375,333.53,15.07
2023-01-02,2,649.05,159,159,57,102,5,5.05,4.58,4.08,15,0,0,47,0.5875,245.83,11.8
2023-01-02,3,828.8,195,195,70,125,5,7.1,4.47,4.25,13,0,0,50,0.625,328.5,11.06
2023-01-03,1,902.75,205,205,69,136,6,5.66,4.62,4.4,14,1,0,50,0.625,342.01,11.44
2023-01-03,2,756.0,166,166,66,100,3,17.1,3.73,4.55,15,1,0,48,0.6,271.11,6.64
2023-01-03,3,906.25,211,211,91,120,6,5.74,4.41,4.3,8,1,0,51,0.6375,319.16,11.75
2023-01-04,1,808.25,187,187,58,129,6,5.83,4.49,4.32,12,2,0,48,0.6,324.59,8.06
2023-01-04,2,630.2,140,140,49,91,5,5.43,4.74,4.5,14,2,0,47,0.5875,209.1,8.06
2023-01-04,3,781.65,170,170,76,94,5,5.37,4.76,4.6,18,2,0,49,0.6125,243.0,6.5
2023-01-05,1,903.05,198,198,67,131,6,5.29,4.79,4.56,12,3,0,48,0.6,323.57,12.7
2023-01-05,2,800.9,181,181,61,120,5,5.85,4.47,4.42,11,3,0,52,0.65,261.05,9.49
2023-01-05,3,714.9,168,168,60,108,5,5.58,4.79,4.26,16,3,0,50,0.625,237.13,10.37
2023-01-06,1,716.05,152,152,51,101,5,5.64,4.47,4.71,12,4,0,47,0.5875,265.4,11.6
2023-01-06,2,790.6,181,181,73,108,5,5.33,4.69,4.37,15,4,0,52,0.65,269.25,11.84
2023-01-06,3,767.2,176,176,70,106,5,5.7,4.74,4.36,8,4,0,52,0.65,272.37,8.38
2023-01-07,1,807.3,184,184,87,97,6,5.35,4.61,4.39,18,5,1,49,0.6125,282.65,10.33
2023-01-07,2,788.25,156,156,78,78,5,5.32,4.46,5.05,7,5,1,57,0.7125,321.67,13.12
2023-01-07,3,1024.1,222,222,121,101,6,5.66,4.56,4.61,10,5,1,59,0.7375,362.64,12.71
2023-01-08,1,793.15,161,161,74,87,6,5.8,4.53,4.93,19,6,1,56,0.7,305.7,12.19
2023-01-08,2,972.55,205,205,98,107,6,5.63,4.61,4.74,9,6,1,57,0.7125,366.81,16.51
2023-01-08,3,872.83,196,196,105,91,5,6.59,4.66,4.45,10,6,1,61,0.7625,297.54,7.96
2023-01-09,1,774.01,165,165,59,106,6,5.49,4.48,4.69,8,0,0,58,0.725,299.29,7.41
2023-01-09,2,1008.2,192,192,63,129,5,6.43,4.78,5.25,9,0,0,59,0.7375,323.54,23.37
2023-01-09,3,894.4,194,194,86,108,5,6.59,4.78,4.61,10,0,0,58,0.725,274.22,8.19
2023-01-10,1,947.0,210,210,74,136,6,5.01,4.7,4.51,8,1,0,58,0.725,318.62,13.37
2023-01-10,2,930.55,203,203,91,112,6,5.31,4.65,4.58,9,1,0,61,0.7625,297.49,8.9
2023-01-10,3,808.1,189,189,83,106,5,5.76,4.59,4.28,10,1,0,61,0.7625,317.06,11.38
2023-01-11,1,740.15,162,162,66,96,6,5.19,4.53,4.57,10,2,0,54,0.675,260.88,11.46
2023-01-11,2,841.05,187,187,61,126,5,6.27,4.45,4.5,6,2,0,58,0.725,327.13,11.52
2023-01-11,3,974.55,212,212,92,120,6,5.9,4.5,4.6,10,2,0,59,0.7375,359.13,8.59
2023-01-12,1,660.7,144,144,49,95,5,5.11,4.68,4.59,8,3,0,54,0.675,224.5,6.92
2023-01-12,2,915.1,211,211,81,130,6,5.75,4.46,4.34,10,3,0,60,0.75,364.86,17.28
2023-01-12,3,751.9,179,179,73,106,5,5.94,4.57,4.2,9,3,0,57,0.7125,236.22,6.84
2023-01-13,1,705.8,175,175,57,118,6,5.57,4.45,4.03,10,4,0,51,0.6375,217.55,9.67
2023-01-13,2,965.2,193,193,75,118,5,6.18,4.7,5.0,7,4,0,61,0.7625,387.17,14.14
2023-01-13,3,1362.6,257,257,95,162,6,8.82,4.47,5.3,8,4,0,67,0.8375,454.12,19.09
2023-01-14,1,763.7,157,157,73,84,5,5.84,4.51,4.86,9,5,1,62,0.775,267.37,10.24
2023-01-14,2,775.0,179,179,87,92,5,5.92,4.66,4.33,8,5,1,59,0.7375,321.29,15.92
2023-01-14,3,1143.81,241,241,109,132,6,7.16,4.72,4.75,8,5,1,68,0.85,409.75,17.53
2023-01-15,1,1348.93,262,262,120,142,7,5.92,4.65,5.15,10,6,1,66,0.825,500.57,11.41
2023-01-15,2,856.35,199,199,111,88,5,6.47,4.78,4.3,9,6,1,61,0.7625,298.78,8.45
2023-01-15,3,962.43,202,202,117,85,6,5.05,4.77,4.76,7,6,1,64,0.8,307.87,9.49
2023-01-16,1,1027.33,229,229,72,157,6,6.58,4.79,4.49,10,0,0,63,0.7875,355.5,17.68
2023-01-16,2,850.68,192,192,75,117,5,5.99,4.61,4.43,8,0,0,59,0.7375,323.86,12.03
2023-01-16,3,951.15,206,206,71,135,6,5.55,4.54,4.62,10,0,0,61,0.7625,333.62,10.01
2023-01-17,1,1075.4,209,209,67,142,6,5.66,4.53,5.15,7,1,0,61,0.7625,346.81,15.49
2023-01-17,2,788.9,185,185,66,119,5,6.04,4.79,4.26,6,1,0,62,0.775,259.46,5.28
2023-01-17,3,1421.5,138,138,56,82,5,5.36,4.45,10.3,9,1,0,54,0.675,491.28,21.59
2023-01-18,1,1064.03,214,214,70,144,6,5.3,4.76,4.97,10,2,0,65,0.8125,327.41,12.45
2023-01-18,2,825.83,186,186,71,115,5,6.28,4.67,4.44,7,2,0,60,0.75,260.29,8.29
2023-01-18,3,846.1,188,188,64,124,5,6.01,4.79,4.5,8,2,0,61,0.7625,290.03,8.54
2023-01-19,1,1079.38,220,220,68,152,6,5.99,4.67,4.91,10,3,0,63,0.7875,416.12,12.96
2023-01-19,2,788.05,184,184,75,109,5,5.52,4.57,4.28,6,3,0,60,0.75,281.04,8.02
2023-01-19,3,1046.25,212,212,72,140,3,25.0,3.89,4.94,7,3,0,65,0.8125,329.68,13.73
2023-01-20,1,871.43,212,212,71,141,6,5.49,4.53,4.11,8,4,0,63,0.7875,335.37,15.96
2023-01-20,2,791.55,168,168,70,98,5,5.21,4.6,4.71,10,4,0,53,0.6625,241.99,7.04
2023-01-20,3,940.75,198,198,85,113,5,6.41,4.59,4.75,8,4,0,60,0.75,329.9,6.8
2023-01-21,1,992.35,183,183,102,81,6,5.97,4.75,5.42,9,5,1,59,0.7375,400.45,12.55
2023-01-21,2,1015.0,181,181,107,74,5,5.38,4.41,5.61,9,5,1,64,0.8,395.83,11.13
2023-01-21,3,1075.5,233,233,138,95,6,6.24,4.71,4.62,8,5,1,62,0.775,437.03,13.25
2023-01-22,1,742.8,166,166,81,85,6,5.32,4.57,4.47,16,6,1,46,0.575,260.0,6.04
2023-01-22,2,1003.08,186,186,93,93,5,6.11,4.49,5.39,7,6,1,59,0.7375,413.52,19.96
2023-01-22,3,621.45,139,139,69,70,5,5.11,4.72,4.47,9,6,1,54,0.675,208.93,6.31
2023-01-23,1,928.3,202,202,85,117,6,5.08,4.68,4.6,16,0,0,51,0.6375,360.63,15.52
2023-01-23,2,898.75,170,170,74,96,5,5.63,4.47,5.29,9,0,0,54,0.675,338.42,11.88
2023-01-23,3,1026.1,217,217,66,151,6,5.92,4.41,4.73,11,0,0,62,0.775,326.84,11.34
2023-01-24,1,922.05,202,202,88,114,6,5.39,4.52,4.56,11,1,0,51,0.6375,345.2,13.07
2023-01-24,2,1105.8,213,213,66,147,6,5.36,4.59,5.19,10,1,0,61,0.7625,354.36,14.79
2023-01-24,3,841.1,173,173,74,99,5,5.6,4.43,4.86,8,1,0,59,0.7375,278.25,12.19
2023-01-25,1,942.0,216,216,70,146,6,5.18,4.66,4.36,8,2,0,50,0.625,334.21,15.92
2023-01-25,2,1063.85,187,187,76,111,5,6.0,4.64,5.69,9,2,0,59,0.7375,400.44,8.54
2023-01-25,3,840.7,180,180,77,103,5,5.42,4.76,4.67,8,2,0,56,0.7,315.58,14.43
2023-01-26,1,939.25,215,215,72,143,6,5.18,4.62,4.37,7,3,0,49,0.6125,301.5,12.18
2023-01-26,2,1067.35,186,186,59,127,5,5.55,4.48,5.74,6,3,0,61,0.7625,423.0,9.18
2023-01-26,3,856.43,185,185,70,115,5,6.3,4.6,4.63,7,3,0,60,0.75,301.2,9.92
2023-01-27,1,838.55,192,192,80,112,6,5.29,4.54,4.37,18,4,0,49,0.6125,255.98,11.75
2023-01-27,2,1143.5,206,206,68,138,6,5.36,4.74,5.55,7,4,0,63,0.7875,414.68,18.52
2023-01-27,3,760.05,181,181,56,125,5,6.02,4.72,4.2,10,4,0,51,0.6375,244.39,12.13
2023-01-28,1,733.25,168,168,82,86,6,5.39,4.79,4.36,19,5,1,49,0.6125,242.12,10.66
2023-01-28,2,604.2,140,140,69,71,3,10.33,4.23,4.32,8,5,1,51,0.6375,221.94,9.13
2023-01-28,3,699.65,162,162,77,85,5,5.4,4.74,4.32,16,5,1,50,0.625,233.17,10.4
2023-01-29,1,820.7,184,184,108,76,6,5.52,4.71,4.46,9,6,1,50,0.625,295.33,13.12
2023-01-29,2,627.9,140,140,67,73,5,5.36,4.75,4.48,10,6,1,50,0.625,258.61,10.8
2023-01-29,3,612.15,135,135,76,59,3,9.8,4.36,4.53,15,6,1,44,0.55,198.02,10.17
2023-01-30,1,870.6,172,172,56,116,6,5.35,4.51,5.06,8,0,0,58,0.725,282.77,7.81
2023-01-30,2,737.41,143,143,60,83,5,5.22,4.72,5.16,10,0,0,57,0.7125,250.7,7.93
2023-01-30,3,868.4,166,166,70,96,5,5.32,4.4,5.23,9,0,0,60,0.75,296.01,6.05
2023-01-31,1,801.5,165,165,67,98,6,5.83,4.54,4.86,9,1,0,57,0.7125,266.27,7.21
2023-01-31,2,764.23,138,138,61,77,5,5.28,4.79,5.54,7,1,0,56,0.7,283.37,6.39
2023-01-31,3,768.4,159,159,65,94,5,5.87,4.45,4.83,9,1,0,63,0.7875,300.96,14.84
2023-02-01,1,833.7,188,188,79,109,6,5.15,4.61,4.43,12,2,0,48,0.6,289.89,10.59
2023-02-01,2,783.2,179,179,71,108,5,5.13,4.65,4.38,15,2,0,52,0.65,267.63,13.25
2023-02-01,3,849.4,179,179,72,107,5,5.99,4.7,4.75,18,2,0,50,0.625,305.93,15.19
2023-02-02,1,944.8,210,210,63,147,6,5.75,4.45,4.5,14,3,0,51,0.6375,328.52,10.24
2023-02-02,2,678.15,159,159,66,93,3,15.43,3.75,4.27,8,3,0,50,0.625,232.71,11.57
2023-02-02,3,883.95,200,200,64,136,6,5.1,4.75,4.42,10,3,0,50,0.625,333.54,7.14
2023-02-03,1,940.2,214,214,83,131,6,5.4,4.55,4.39,15,4,0,51,0.6375,312.31,8.04
2023-02-03,2,755.25,170,170,62,108,5,5.67,4.54,4.44,15,4,0,52,0.65,268.69,9.0
2023-02-03,3,896.0,202,202,72,130,6,5.11,4.41,4.44,12,4,0,51,0.6375,279.14,8.69
2023-02-04,1,825.95,191,191,103,88,6,5.58,4.69,4.32,12,5,1,48,0.6,259.94,9.55
2023-02-04,2,881.1,193,193,99,94,5,6.51,4.64,4.57,14,5,1,51,0.6375,339.22,8.09
2023-02-04,3,844.65,200,200,106,94,6,5.32,4.45,4.22,9,5,1,49,0.6125,320.66,13.47
2023-02-05,1,871.25,208,208,96,112,6,5.09,4.54,4.19,12,6,1,51,0.6375,346.44,12.86
2023-02-05,2,724.1,164,164,84,80,5,5.78,4.43,4.42,10,6,1,51,0.6375,253.38,10.38
2023-02-05,3,709.35,161,161,85,76,5,5.38,4.57,4.41,16,6,1,48,0.6,254.58,10.62
2023-02-06,1,655.35,139,139,57,82,5,5.45,4.46,4.71,15,0,0,48,0.6,223.14,4.69
2023-02-06,2,751.9,168,168,70,98,5,5.18,4.68,4.48,17,0,0,48,0.6,292.85,10.68
2023-02-06,3,796.15,182,182,77,105,5,5.79,4.63,4.37,16,0,0,49,0.6125,303.6,27.99
2023-02-07,1,804.3,185,185,61,124,6,5.61,4.46,4.35,9,1,0,50,0.625,265.99,6.27
2023-02-07,2,737.0,158,158,68,90,5,5.31,4.65,4.66,10,1,0,58,0.725,284.26,13.84
2023-02-07,3,893.25,203,203,62,141,6,5.01,4.52,4.4,10,1,0,56,0.7,334.53,8.24
2023-02-08,1,928.8,191,191,79,112,6,5.86,4.56,4.86,14,2,0,58,0.725,367.02,16.56
2023-02-08,2,883.7,199,199,87,112,5,6.73,4.57,4.44,10,2,0,58,0.725,314.83,13.4
2023-02-08,3,949.93,209,209,88,121,6,5.76,4.45,4.55,10,2,0,60,0.75,364.09,13.54
2023-02-09,1,866.8,182,182,72,110,6,5.8,4.8,4.76,9,3,0,54,0.675,270.13,6.72
2023-02-09,2,884.58,171,171,73,98,5,5.35,4.43,5.17,9,3,0,51,0.6375,310.16,10.71
2023-02-09,3,859.25,209,209,75,134,6,5.47,4.73,4.11,10,3,0,58,0.725,348.41,10.56
2023-02-10,1,868.0,199,199,64,135,6,5.25,4.62,4.36,8,4,0,58,0.725,349.46,32.6
2023-02-10,2,961.3,205,205,66,139,6,5.21,4.56,4.69,9,4,0,60,0.75,311.87,9.21
2023-02-10,3,1072.3,231,231,80,151,6,6.42,4.65,4.64,9,4,0,64,0.8,388.94,11.14
2023-02-11,1,670.05,155,155,77,78,5,5.17,4.71,4.32,8,5,1,53,0.6625,264.12,8.14
2023-02-11,2,825.48,191,191,100,91,5,6.19,4.57,4.32,8,5,1,59,0.7375,331.7,12.58
2023-02-11,3,1031.21,221,221,107,114,6,5.84,4.72,4.67,10,5,1,61,0.7625,385.75,11.51
2023-02-12,1,680.6,142,142,78,64,5,5.82,4.49,4.79,10,6,1,52,0.65,279.28,6.92
2023-02-12,2,1087.6,234,234,126,108,6,6.13,4.71,4.65,10,6,1,61,0.7625,439.89,17.95
2023-02-12,3,1125.8,231,231,126,105,6,6.74,4.69,4.87,9,6,1,63,0.7875,379.74,10.12
2023-02-13,1,641.9,149,149,60,89,5,5.29,4.79,4.31,10,0,0,47,0.5875,249.81,10.76
2023-02-13,2,1018.43,212,212,94,118,6,5.46,4.53,4.8,7,0,0,60,0.75,372.07,9.48
2023-02-13,3,1185.15,232,232,73,159,6,6.44,4.46,5.11,8,0,0,60,0.75,398.88,18.55
2023-02-14,1,747.05,151,151,61,90,5,5.92,4.48,4.95,9,1,0,62,0.775,253.57,24.87
2023-02-14,2,763.23,179,179,57,122,5,5.71,4.48,4.26,9,1,0,61,0.7625,299.61,10.78
2023-02-14,3,1163.65,257,257,107,150,6,8.53,4.62,4.53,8,1,0,64,0.8,471.2,20.46
2023-02-15,1,1254.95,262,262,108,154,7,6.37,4.47,4.79,9,2,0,64,0.8,438.45,32.45
2023-02-15,2,822.85,181,181,77,104,5,5.66,4.44,4.55,6,2,0,63,0.7875,310.01,10.45
2023-02-15,3,850.25,181,181,57,124,5,6.09,4.61,4.7,7,2,0,60,0.75,270.64,7.05
2023-02-16,1,1191.3,243,243,84,159,7,5.28,4.53,4.9,7,3,0,66,0.825,439.75,13.02
2023-02-16,2,923.8,201,201,63,138,6,5.99,4.41,4.6,8,3,0,59,0.7375,345.05,10.52
2023-02-16,3,908.23,195,195,86,109,5,6.26,4.56,4.66,7,3,0,61,0.7625,282.0,13.54
2023-02-17,1,967.6,214,214,68,146,6,5.08,4.5,4.52,10,4,0,58,0.725,369.14,10.1
2023-02-17,2,695.55,169,169,66,103,5,5.01,4.51,4.12,6,4,0,53,0.6625,253.34,6.78
2023-02-17,3,637.6,151,151,64,87,5,5.08,4.41,4.22,10,4,0,55,0.6875,212.49,9.33
2023-02-18,1,1069.53,202,202,103,99,6,5.52,4.7,5.29,10,5,1,62,0.775,376.09,13.49
2023-02-18,2,746.45,180,180,85,95,5,5.52,4.58,4.15,7,5,1,58,0.725,301.73,12.64
2023-02-18,3,1049.5,212,212,125,87,6,5.78,4.7,4.95,10,5,1,67,0.8375,336.9,14.54
2023-02-19,1,1164.4,250,250,149,101,7,5.29,4.46,4.66,9,6,1,66,0.825,384.21,14.44
2023-02-19,2,891.0,200,200,110,90,6,5.66,4.54,4.46,7,6,1,59,0.7375,329.99,14.74
2023-02-19,3,1164.2,242,242,141,101,3,25.0,3.94,4.81,7,6,1,64,0.8,440.32,22.41
2023-02-20,1,760.23,205,205,80,125,6,5.04,4.47,3.71,9,0,0,62,0.775,238.72,10.56
2023-02-20,2,1056.75,204,204,78,126,6,5.57,4.56,5.18,7,0,0,60,0.75,336.24,11.44
2023-02-20,3,1066.65,219,219,75,144,6,5.85,4.43,4.87,8,0,0,62,0.775,397.2,14.71
2023-02-21,1,870.48,168,168,51,117,6,5.3,4.65,5.18,9,1,0,64,0.8,275.41,8.23
2023-02-21,2,954.4,165,165,64,101,5,5.33,4.47,5.78,10,1,0,59,0.7375,365.39,7.61
2023-02-21,3,958.65,222,222,97,125,6,5.97,4.5,4.32,10,1,0,58,0.725,374.35,13.86
2023-02-22,1,1037.5,214,214,77,137,6,5.54,4.43,4.85,14,2,0,49,0.6125,390.13,14.14
2023-02-22,2,1060.5,187,187,58,129,5,5.78,4.61,5.67,8,2,0,59,0.7375,417.09,12.24
2023-02-22,3,830.7,180,180,70,110,5,5.19,4.74,4.62,8,2,0,58,0.725,335.75,13.09
2023-02-23,1,904.5,200,200,76,124,6,5.82,4.68,4.52,7,3,0,51,0.6375,329.92,15.34
2023-02-23,2,952.73,178,178,78,100,5,5.77,4.65,5.35,6,3,0,61,0.7625,293.11,9.13
2023-02-23,3,888.98,177,177,62,115,5,5.06,4.47,5.02,9,3,0,57,0.7125,339.3,11.62
2023-02-24,1,986.9,213,213,72,141,6,5.74,4.67,4.63,12,4,0,50,0.625,311.91,13.4
2023-02-24,2,1138.7,214,214,93,121,6,5.58,4.57,5.32,7,4,0,62,0.775,385.55,18.95
2023-02-24,3,815.1,176,176,57,119,5,5.5,4.66,4.63,9,4,0,55,0.6875,324.46,8.41
2023-02-25,1,813.55,185,185,89,96,6,5.26,4.58,4.4,10,5,1,48,0.6,270.75,11.71
2023-02-25,2,1156.65,209,209,116,93,6,5.35,4.77,5.53,7,5,1,58,0.725,411.33,13.03
2023-02-25,3,853.35,182,182,88,94,5,5.3,4.51,4.69,8,5,1,63,0.7875,317.6,14.03
2023-02-26,1,1030.9,233,233,140,93,6,6.43,4.42,4.42,14,6,1,50,0.625,406.56,14.53
2023-02-26,2,997.4,170,170,78,92,5,5.4,4.54,5.87,8,6,1,62,0.775,345.13,11.36
2023-02-26,3,928.45,198,198,98,100,3,25.0,3.73,4.69,8,6,1,60,0.75,355.23,11.4
2023-02-27,1,931.85,208,208,78,130,6,5.11,4.58,4.48,18,0,0,51,0.6375,329.31,12.65
2023-02-27,2,1469.25,268,268,114,154,6,9.53,4.36,5.48,9,0,0,63,0.7875,531.3,18.55
2023-02-27,3,758.9,187,187,60,127,3,23.37,3.65,4.06,10,0,0,51,0.6375,265.32,8.5
2023-02-28,1,842.9,189,189,78,111,6,5.07,4.47,4.46,19,1,0,49,0.6125,334.29,23.81
2023-02-28,2,719.0,155,155,55,100,5,5.48,4.47,4.64,14,1,0,50,0.625,253.36,12.31
2023-02-28,3,749.2,167,167,61,106,5,5.74,4.67,4.49,17,1,0,48,0.6,253.48,6.16
2023-03-01,1,1021.1,229,229,84,145,6,6.09,4.62,4.46,15,2,0,48,0.6,376.56,9.6
2023-03-01,2,978.7,218,218,86,132,6,5.79,4.44,4.49,15,2,0,51,0.6375,380.33,11.64
2023-03-01,3,1040.45,214,214,74,140,6,5.27,4.52,4.86,11,2,0,50,0.625,379.24,11.28
2023-03-02,1,1088.4,243,243,106,137,7,5.77,4.5,4.48,13,3,0,51,0.6375,362.88,13.03
2023-03-02,2,886.9,202,202,78,124,6,5.99,4.79,4.39,16,3,0,52,0.65,322.8,8.33
2023-03-02,3,1020.75,228,228,96,132,6,6.51,4.44,4.48,18,3,0,51,0.6375,338.47,15.12
2023-03-03,1,1160.35,264,264,110,154,7,6.56,4.65,4.4,16,4,0,50,0.625,359.2,9.93
2023-03-03,2,957.25,217,217,76,141,6,5.54,4.49,4.41,11,4,0,51,0.6375,307.59,29.98
2023-03-03,3,1037.55,229,229,77,152,6,6.15,4.58,4.53,14,4,0,51,0.6375,398.8,14.08
2023-03-04,1,1008.75,228,228,117,111,6,6.5,4.46,4.42,12,5,1,51,0.6375,324.56,12.9
2023-03-04,2,904.75,201,201,118,83,6,5.71,4.53,4.5,15,5,1,51,0.6375,340.23,16.02
2023-03-04,3,868.4,195,195,103,92,5,6.98,4.53,4.45,14,5,1,50,0.625,289.48,8.13
2023-03-05,1,1097.15,253,253,130,123,4,24.22,3.97,4.34,19,6,1,51,0.6375,347.66,10.73
2023-03-05,2,944.15,215,215,128,87,6,5.36,4.73,4.39,8,6,1,52,0.65,339.88,10.59
2023-03-05,3,904.0,207,207,112,95,6,5.63,4.75,4.37,14,6,1,52,0.65,329.13,9.9
2023-03-06,1,732.75,169,169,52,117,6,5.93,4.59,4.34,15,0,0,50,0.625,273.49,10.39
2023-03-06,2,950.35,213,213,88,125,6,5.08,4.78,4.46,10,0,0,52,0.65,367.32,11.64
2023-03-06,3,934.95,205,205,88,117,6,5.89,4.53,4.56,8,0,0,50,0.625,299.19,14.61
2023-03-07,1,921.3,212,212,83,129,6,5.88,4.51,4.35,18,1,0,49,0.6125,353.32,13.23
2023-03-07,2,746.15,154,154,57,97,5,5.73,4.63,4.85,7,1,0,56,0.7,259.31,12.16
2023-03-07,3,1136.05,263,263,99,164,6,9.44,4.3,4.32,10,1,0,57,0.7125,366.8,13.77
2023-03-08,1,1209.08,241,241,101,140,7,5.06,4.53,5.02,13,2,0,60,0.75,441.73,16.32
2023-03-08,2,1130.1,239,239,89,150,6,6.93,4.55,4.73,10,2,0,57,0.7125,363.4,11.17
2023-03-08,3,1184.08,262,262,86,176,6,8.66,4.36,4.52,9,2,0,66,0.825,451.45,21.21
2023-03-09,1,908.83,199,199,63,136,6,5.27,4.74,4.57,7,3,0,56,0.7,298.93,10.92
2023-03-09,2,1282.44,237,237,76,161,6,6.48,4.77,5.41,10,3,0,64,0.8,429.14,17.56
2023-03-09,3,1268.7,286,286,121,165,6,11.33,4.26,4.44,10,3,0,62,0.775,515.57,10.68
2023-03-10,1,1081.2,230,230,81,149,6,6.06,4.7,4.7,8,4,0,62,0.775,422.16,19.55
2023-03-10,2,1108.2,236,236,80,156,6,7.23,4.52,4.7,10,4,0,63,0.7875,380.69,14.83
2023-03-10,3,1252.18,284,284,105,179,4,25.0,3.83,4.41,9,4,0,66,0.825,411.7,13.94
2023-03-11,1,995.25,201,201,112,89,6,5.74,4.65,4.95,9,5,1,58,0.725,352.82,14.5
2023-03-11,2,1075.6,236,236,111,125,6,6.79,4.58,4.56,8,5,1,62,0.775,391.58,16.35
2023-03-11,3,1140.8,252,252,127,125,6,8.28,4.53,4.53,8,5,1,63,0.7875,387.23,9.12
2023-03-12,1,664.13,144,144,78,66,5,5.91,4.59,4.61,10,6,1,54,0.675,256.61,6.2
2023-03-12,2,1146.15,257,257,141,116,6,8.41,4.66,4.46,10,6,1,60,0.75,474.43,17.67
2023-03-12,3,1278.05,266,266,146,120,6,8.88,4.28,4.8,9,6,1,67,0.8375,408.14,18.7
2023-03-13,1,846.1,199,199,64,135,6,5.06,4.76,4.25,10,0,0,52,0.65,283.94,10.4
2023-03-13,2,1340.65,262,262,112,150,6,9.4,4.44,5.12,7,0,0,64,0.8,531.35,24.94
2023-03-13,3,1440.9,269,269,95,174,6,9.74,4.2,5.36,10,0,0,68,0.85,481.22,18.53
2023-03-14,1,966.55,183,183,68,115,6,5.23,4.46,5.28,9,1,0,59,0.7375,331.21,7.75
2023-03-14,2,966.28,219,219,95,124,6,6.04,4.43,4.41,10,1,0,62,0.775,383.34,18.97
2023-03-14,3,1379.83,289,289,88,201,6,11.35,4.25,4.77,9,1,0,66,0.825,425.16,14.14
2023-03-15,1,1417.45,283,283,117,166,7,7.14,4.73,5.01,9,2,0,67,0.8375,516.54,24.3
2023-03-15,2,915.3,209,209,86,123,6,5.77,4.42,4.38,6,2,0,59,0.7375,330.05,16.16
2023-03-15,3,1005.28,229,229,75,154,6,6.49,4.57,4.39,9,2,0,63,0.7875,373.56,16.64
2023-03-16,1,1149.13,258,258,84,174,7,5.98,4.63,4.45,7,3,0,62,0.775,403.13,9.81
2023-03-16,2,1094.55,240,240,80,160,6,6.95,4.58,4.56,8,3,0,64,0.8,409.68,11.99
2023-03-16,3,1142.43,260,260,90,170,6,8.97,4.43,4.39,10,3,0,61,0.7625,448.36,11.11
2023-03-17,1,1440.45,296,296,113,183,7,7.68,4.53,4.87,10,4,0,65,0.8125,449.48,20.87
2023-03-17,2,952.85,221,221,68,153,6,6.31,4.71,4.31,6,4,0,59,0.7375,332.12,6.93
2023-03-17,3,788.45,176,176,75,101,5,5.11,4.5,4.48,7,4,0,54,0.675,244.69,10.83
2023-03-18,1,1207.58,260,260,120,140,7,5.75,4.76,4.64,10,5,1,66,0.825,467.92,20.93
2023-03-18,2,1037.53,231,231,121,110,6,6.45,4.64,4.49,6,5,1,64,0.8,345.27,7.68
2023-03-18,3,1163.25,240,240,114,126,6,6.65,4.77,4.85,8,5,1,66,0.825,371.28,17.82
2023-03-19,1,1488.5,279,279,167,112,7,6.72,4.76,5.34,10,6,1,67,0.8375,590.34,18.77
2023-03-19,2,766.35,190,190,87,103,5,6.46,4.64,4.03,7,6,1,57,0.7125,310.75,10.62
2023-03-19,3,1085.18,256,256,153,103,6,8.33,4.59,4.24,8,6,1,63,0.7875,345.49,13.73
2023-03-20,1,1113.08,280,280,101,179,7,7.2,4.52,3.98,8,0,0,68,0.85,362.04,11.62
2023-03-20,2,1035.1,209,209,76,133,6,5.11,4.54,4.95,7,0,0,58,0.725,411.36,20.06
2023-03-20,3,1114.1,246,246,107,139,6,7.65,4.63,4.53,9,0,0,63,0.7875,381.23,14.62
2023-03-21,1,835.85,171,171,73,98,6,5.78,4.54,4.89,9,1,0,60,0.75,261.71,10.38
2023-03-21,2,1057.25,186,186,72,114,5,5.65,4.7,5.68,7,1,0,62,0.775,335.59,15.08
2023-03-21,3,1316.7,293,293,128,165,6,12.11,4.33,4.49,8,1,0,63,0.7875,454.24,17.85
2023-03-22,1,1124.55,252,252,104,148,7,5.71,4.78,4.46,11,2,0,51,0.6375,448.52,22.3
2023-03-22,2,1235.66,210,210,73,137,6,5.27,4.61,5.88,8,2,0,61,0.7625,406.46,11.61
2023-03-22,3,923.9,207,207,91,116,6,5.47,4.46,4.46,9,2,0,60,0.75,324.65,16.0
2023-03-23,1,1060.55,234,234,89,145,6,7.03,4.53,4.53,19,3,0,50,0.625,405.31,16.84
2023-03-23,2,1158.25,223,223,93,130,6,6.42,4.41,5.19,10,3,0,60,0.75,427.7,9.41
2023-03-23,3,1142.33,237,237,80,157,6,6.42,4.58,4.82,8,3,0,62,0.775,394.4,11.34
2023-03-24,1,1123.2,246,246,92,154,7,5.69,4.55,4.57,10,4,0,51,0.6375,446.63,11.94
2023-03-24,2,1447.1,259,259,80,179,6,8.81,4.37,5.59,10,4,0,62,0.775,447.26,15.29
2023-03-24,3,1015.9,213,213,83,130,6,5.96,4.68,4.77,10,4,0,57,0.7125,381.27,10.23
2023-03-25,1,1025.75,237,237,136,101,6,6.81,4.63,4.33,8,5,1,51,0.6375,400.35,20.29
2023-03-25,2,1348.9,238,238,113,125,6,6.44,4.74,5.67,9,5,1,59,0.7375,504.13,48.11
2023-03-25,3,1006.3,213,213,99,114,6,6.02,4.7,4.72,10,5,1,60,0.75,410.19,16.8
2023-03-26,1,1208.65,268,268,132,136,7,6.18,4.73,4.51,8,6,1,51,0.6375,476.72,11.29
2023-03-26,2,1130.55,195,195,90,105,5,6.55,4.43,5.8,8,6,1,61,0.7625,442.22,11.29
2023-03-26,3,971.63,208,208,120,88,6,5.93,4.73,4.67,7,6,1,63,0.7875,399.11,11.67
2023-03-27,1,1124.0,249,249,88,161,7,6.04,4.64,4.51,11,0,0,50,0.625,344.49,16.78
2023-03-27,2,1489.75,252,252,90,162,6,8.47,4.68,5.91,10,0,0,63,0.7875,567.16,12.86
2023-03-27,3,1060.6,263,263,95,168,6,8.95,4.44,4.03,10,0,0,49,0.6125,359.72,13.72
2023-03-28,1,954.75,213,213,75,138,6,5.06,4.51,4.48,11,1,0,50,0.625,306.76,12.16
2023-03-28,2,945.25,207,207,69,138,6,5.06,4.75,4.57,16,1,0,50,0.625,331.97,14.42
2023-03-28,3,892.55,206,206,90,116,6,5.71,4.49,4.33,16,1,0,52,0.65,349.28,16.81
2023-03-29,1,978.8,231,231,94,137,6,6.57,4.64,4.24,10,2,0,50,0.625,363.19,15.17
2023-03-29,2,840.3,194,194,65,129,5,7.03,4.61,4.33,12,2,0,50,0.625,286.53,10.31
2023-03-29,3,672.9,157,157,68,89,5,5.37,4.69,4.29,11,2,0,50,0.625,214.86,7.18
2023-03-30,1,967.05,218,218,68,150,6,5.77,4.41,4.44,8,3,0,57,0.7125,361.53,15.71
2023-03-30,2,966.79,210,210,80,130,6,5.06,4.56,4.6,10,3,0,57,0.7125,338.92,9.85
2023-03-30,3,998.98,211,211,76,135,6,5.14,4.79,4.73,8,3,0,62,0.775,351.31,15.46
2023-03-31,1,915.15,210,210,92,118,6,5.72,4.43,4.36,10,4,0,56,0.7,309.9,11.35
2023-03-31,2,1049.53,202,202,76,126,6,5.19,4.7,5.2,7,4,0,66,0.825,398.26,19.09
2023-03-31,3,923.4,203,203,86,117,6,5.19,4.7,4.55,10,4,0,59,0.7375,320.03,7.09
2023-04-01,1,1316.5,302,302,174,128,7,8.63,4.52,4.36,12,5,1,51,0.6375,441.15,16.41
2023-04-01,2,1168.05,267,267,150,117,6,9.62,4.46,4.37,9,5,1,52,0.65,441.46,13.88
2023-04-01,3,1215.35,261,261,124,137,6,9.06,4.61,4.66,18,5,1,51,0.6375,399.4,10.55
2023-04-02,1,1351.35,294,294,168,126,7,7.84,4.6,4.6,17,6,1,51,0.6375,450.72,23.09
2023-04-02,2,1002.2,233,233,118,115,6,6.66,4.45,4.3,15,6,1,52,0.65,404.59,10.16
2023-04-02,3,1222.3,275,275,150,125,6,10.15,4.27,4.44,13,6,1,52,0.65,488.37,10.26
2023-04-03,1,1333.4,298,298,103,195,7,7.9,4.41,4.47,11,0,0,50,0.625,443.55,14.81
2023-04-03,2,1127.55,259,259,101,158,6,8.89,4.46,4.35,8,0,0,52,0.65,440.15,10.96
2023-04-03,3,1144.0,257,257,112,145,6,8.45,4.4,4.45,11,0,0,52,0.65,369.66,9.05
2023-04-04,1,1150.75,262,262,101,161,7,6.26,4.68,4.39,13,1,0,50,0.625,449.6,20.32
2023-04-04,2,1092.0,241,241,102,139,6,7.09,4.47,4.53,14,1,0,51,0.6375,420.15,15.78
2023-04-04,3,1084.55,250,250,83,167,6,7.92,4.72,4.34,9,1,0,49,0.6125,431.34,12.97
2023-04-05,1,1242.15,290,290,122,168,4,25.0,3.72,4.28,12,2,0,51,0.6375,499.51,18.81
2023-04-05,2,1202.25,274,274,88,186,6,9.92,4.53,4.39,10,2,0,52,0.65,462.2,16.3
2023-04-05,3,1108.3,250,250,82,168,6,7.65,4.53,4.43,10,2,0,52,0.65,392.81,17.49
2023-04-06,1,1002.95,227,227,79,148,6,5.94,4.44,4.42,15,3,0,51,0.6375,405.22,9.23
2023-04-06,2,1080.25,245,245,77,168,6,7.21,4.59,4.41,17,3,0,50,0.625,367.02,8.23
2023-04-06,3,1167.0,267,267,120,147,6,9.43,4.42,4.37,14,3,0,51,0.6375,361.72,12.04
2023-04-07,1,1138.6,262,262,84,178,7,5.91,4.48,4.35,8,4,0,51,0.6375,359.84,15.18
2023-04-07,2,1014.75,202,202,64,138,6,5.14,4.41,5.02,9,4,0,58,0.725,401.02,19.45
2023-04-07,3,1529.45,338,338,132,206,7,12.17,4.09,4.52,10,4,0,60,0.75,511.45,22.86
2023-04-08,1,1631.93,316,316,157,159,7,9.82,4.55,5.16,12,5,1,66,0.825,615.24,22.88
2023-04-08,2,1513.35,302,302,163,139,6,13.32,4.2,5.01,10,5,1,60,0.75,624.23,21.04
2023-04-08,3,1427.78,315,315,182,133,6,14.69,3.91,4.53,10,5,1,65,0.8125,480.67,22.62
2023-04-09,1,1192.18,254,254,131,123,7,6.16,4.52,4.69,10,6,1,64,0.8,488.29,11.08
2023-04-09,2,1465.3,264,264,147,117,6,8.74,4.39,5.55,9,6,1,63,0.7875,553.53,13.68
2023-04-09,3,1431.4,330,330,176,154,7,11.37,4.24,4.34,9,6,1,62,0.775,526.86,15.63
2023-04-10,1,1355.45,288,288,109,179,7,7.98,4.43,4.71,7,0,0,64,0.8,467.9,18.36
2023-04-10,2,1453.8,314,314,130,184,6,15.01,3.92,4.63,8,0,0,63,0.7875,513.01,16.54
2023-04-10,3,1411.05,311,311,111,200,6,14.8,4.12,4.54,10,0,0,67,0.8375,487.11,20.55
2023-04-11,1,1295.0,278,278,84,194,7,6.55,4.76,4.66,9,1,0,61,0.7625,515.38,20.3
2023-04-11,2,1195.83,282,282,94,188,6,11.25,4.24,4.24,8,1,0,60,0.75,370.42,18.46
2023-04-11,3,1362.03,304,304,113,191,6,13.24,4.26,4.48,10,1,0,64,0.8,525.35,23.8
2023-04-12,1,958.63,203,203,79,124,6,5.5,4.54,4.72,9,2,0,59,0.7375,372.35,13.18
2023-04-12,2,1512.55,327,327,125,202,7,11.29,4.09,4.63,10,2,0,64,0.8,490.57,12.27
2023-04-12,3,1569.0,337,337,108,229,7,12.02,4.16,4.66,8,2,0,69,0.8625,543.94,24.24
2023-04-13,1,1069.7,259,259,87,172,7,5.63,4.76,4.13,7,3,0,55,0.6875,391.9,13.67
2023-04-13,2,1247.43,257,257,90,167,6,8.0,4.59,4.85,10,3,0,64,0.8,474.62,13.15
2023-04-13,3,1797.4,354,354,149,205,7,13.19,4.09,5.08,10,3,0,66,0.825,672.07,29.41
2023-04-14,1,1195.83,223,223,98,125,6,6.31,4.55,5.36,9,4,0,65,0.8125,398.84,15.76
2023-04-14,2,1116.96,240,240,102,138,6,7.41,4.49,4.65,10,4,0,64,0.8,377.4,9.07
2023-04-14,3,1818.46,358,358,158,200,7,13.92,3.77,5.08,9,4,0,73,0.9125,725.81,35.48
2023-04-15,1,1622.66,326,326,191,135,7,10.52,4.17,4.98,9,5,1,66,0.825,586.46,27.35
2023-04-15,2,1270.05,285,285,134,151,6,10.98,4.29,4.46,6,5,1,63,0.7875,510.46,11.87
2023-04-15,3,1229.08,270,270,152,118,6,9.38,4.57,4.55,7,5,1,63,0.7875,492.25,17.43
2023-04-16,1,1482.08,327,327,194,133,7,11.11,4.28,4.53,10,6,1,65,0.8125,477.08,11.89
2023-04-16,2,1462.88,327,327,181,146,7,10.56,4.28,4.47,8,6,1,67,0.8375,567.32,25.86
2023-04-16,3,1555.43,335,335,186,149,7,11.98,4.37,4.64,7,6,1,65,0.8125,518.67,13.62
2023-04-17,1,1543.6,315,315,132,183,5,24.33,3.71,4.9,10,0,0,62,0.775,608.28,28.02
2023-04-17,2,1150.05,275,275,116,159,4,25.0,3.8,4.18,6,0,0,62,0.775,468.17,11.71
2023-04-17,3,1638.45,205,205,82,123,6,5.33,4.57,7.99,9,0,0,60,0.75,503.11,12.29
2023-04-18,1,1608.79,322,322,117,205,7,10.64,4.37,5.0,10,1,0,69,0.8625,620.62,18.74
2023-04-18,2,1164.68,259,259,85,174,6,9.03,4.34,4.5,6,1,0,68,0.85,459.89,15.96
2023-04-18,3,1580.6,329,329,123,206,7,10.83,4.13,4.8,10,1,0,68,0.85,644.77,24.18
2023-04-19,1,1738.93,349,349,109,240,7,13.31,4.1,4.98,9,2,0,70,0.875,580.78,12.4
2023-04-19,2,1130.2,263,263,84,179,6,8.73,4.49,4.3,6,2,0,59,0.7375,355.26,15.82
2023-04-19,3,1449.18,309,309,113,196,6,14.48,3.81,4.69,10,2,0,69,0.8625,498.31,20.46
2023-04-20,1,1163.95,289,289,101,188,7,7.18,4.74,4.03,8,3,0,66,0.825,471.51,10.38
2023-04-20,2,1443.43,279,279,97,182,6,10.27,4.37,5.17,10,3,0,62,0.775,472.04,21.14
2023-04-20,3,1317.4,286,286,92,194,6,11.71,4.36,4.61,8,3,0,59,0.7375,511.79,20.48
2023-04-21,1,1101.88,213,213,88,125,6,5.74,4.62,5.17,9,4,0,64,0.8,435.03,16.3
2023-04-21,2,1381.65,256,256,97,159,6,8.52,4.35,5.4,7,4,0,63,0.7875,478.01,17.47
2023-04-21,3,1521.85,340,340,152,188,7,11.91,4.39,4.48,10,4,0,63,0.7875,605.39,22.07
2023-04-22,1,1291.95,278,278,132,146,7,7.32,4.61,4.65,13,5,1,51,0.6375,499.39,14.01
2023-04-22,2,1634.18,294,294,148,146,6,12.8,4.17,5.56,10,5,1,69,0.8625,630.15,29.33
2023-04-22,3,1035.45,226,226,122,104,6,5.75,4.44,4.58,7,5,1,64,0.8,345.39,13.16
2023-04-23,1,1384.05,296,296,177,119,7,8.59,4.35,4.68,7,6,1,51,0.6375,547.76,21.68
2023-04-23,2,1522.76,275,275,156,119,6,9.88,4.54,5.54,6,6,1,66,0.825,517.57,17.9
2023-04-23,3,1414.48,284,284,132,152,6,11.2,4.22,4.98,9,6,1,63,0.7875,489.98,11.61
2023-04-24,1,1539.8,347,347,127,220,7,12.38,4.24,4.44,11,0,0,51,0.6375,598.91,26.0
2023-04-24,2,1558.9,298,298,125,173,6,12.72,4.28,5.23,10,0,0,64,0.8,594.89,14.7
2023-04-24,3,1166.75,248,248,80,168,6,7.92,4.51,4.7,10,0,0,62,0.775,378.42,12.88
2023-04-25,1,1306.1,301,301,130,171,7,8.84,4.52,4.34,19,1,0,51,0.6375,442.45,16.69
2023-04-25,2,1664.35,296,296,106,190,6,12.21,4.21,5.62,10,1,0,65,0.8125,532.61,23.77
2023-04-25,3,1284.55,266,266,81,185,6,9.47,4.48,4.83,10,1,0,64,0.8,452.69,16.03
2023-04-26,1,1447.5,321,321,120,201,7,9.97,4.34,4.51,14,2,0,51,0.6375,484.36,10.04
2023-04-26,2,1684.45,290,290,117,173,6,11.98,4.07,5.81,6,2,0,66,0.825,600.67,22.5
2023-04-26,3,1427.5,304,304,131,173,6,13.37,3.97,4.7,7,2,0,65,0.8125,472.31,11.6
2023-04-27,1,1439.55,317,317,104,213,7,9.62,4.21,4.54,19,3,0,50,0.625,521.79,22.9
2023-04-27,2,1686.1,318,318,107,211,6,15.86,3.95,5.3,10,3,0,62,0.775,594.87,16.48
2023-04-27,3,1301.45,319,319,133,186,6,15.97,3.9,4.08,10,3,0,51,0.6375,469.51,14.02
2023-04-28,1,1172.7,270,270,90,180,7,6.19,4.62,4.34,17,4,0,50,0.625,433.04,14.11
2023-04-28,2,1111.15,251,251,79,172,6,8.37,4.34,4.43,15,4,0,52,0.65,404.28,13.69
2023-04-28,3,1089.95,248,248,80,168,6,7.58,4.63,4.39,16,4,0,50,0.625,334.24,10.92
2023-04-29,1,1124.05,252,252,121,131,7,5.2,4.47,4.46,15,5,1,51,0.6375,453.69,12.22
2023-04-29,2,936.9,223,223,101,122,6,6.05,4.8,4.2,17,5,1,51,0.6375,344.97,9.76
2023-04-29,3,892.55,199,199,113,86,5,7.43,4.7,4.49,16,5,1,52,0.65,314.9,15.02
2023-04-30,1,1275.6,277,277,142,135,7,7.22,4.55,4.61,10,6,1,62,0.775,445.36,12.48
2023-04-30,2,1165.33,254,254,150,104,6,8.11,4.54,4.59,8,6,1,59,0.7375,376.79,12.08
2023-04-30,3,1111.4,254,254,123,131,6,8.49,4.3,4.38,8,6,1,62,0.775,354.97,16.0
2023-05-01,1,1657.65,376,376,152,224,8,11.02,4.0,4.41,16,0,0,51,0.6375,591.81,15.25
2023-05-01,2,1475.4,327,327,108,219,7,10.99,4.16,4.51,7,0,0,52,0.65,532.3,12.45
2023-05-01,3,1598.4,347,347,142,205,7,12.79,4.33,4.61,17,0,0,51,0.6375,516.84,23.51
2023-05-02,1,1758.45,393,393,139,254,8,12.79,3.82,4.47,13,1,0,51,0.6375,591.06,26.54
2023-05-02,2,1276.5,289,289,97,192,6,11.99,4.15,4.42,15,1,0,52,0.65,397.74,18.32
2023-05-02,3,1590.55,358,358,159,199,7,13.73,3.77,4.44,19,1,0,51,0.6375,565.52,14.94
2023-05-03,1,1760.45,402,402,147,255,5,25.0,3.49,4.38,11,2,0,50,0.625,604.34,21.71
2023-05-03,2,1401.65,317,317,113,204,6,14.83,3.97,4.42,11,2,0,52,0.65,451.55,18.3
2023-05-03,3,1552.5,357,357,158,199,7,13.54,3.92,4.35,14,2,0,52,0.65,603.66,21.06
2023-05-04,1,1709.85,385,385,123,262,8,12.17,4.09,4.44,12,3,0,51,0.6375,551.04,14.36
2023-05-04,2,1431.3,321,321,123,198,7,10.26,4.39,4.46,14,3,0,52,0.65,475.78,15.06
2023-05-04,3,1448.55,323,323,130,193,7,10.43,4.23,4.48,11,3,0,51,0.6375,540.77,23.66
2023-05-05,1,1726.65,387,387,137,250,8,12.21,4.16,4.46,12,4,0,51,0.6375,661.97,49.49
2023-05-05,2,1528.65,353,353,149,204,7,13.32,3.98,4.33,11,4,0,52,0.65,479.65,20.07
2023-05-05,3,1445.7,322,322,136,186,7,10.3,4.37,4.49,8,4,0,51,0.6375,442.9,18.91
2023-05-06,1,1293.05,291,291,149,142,7,7.54,4.6,4.44,15,5,1,51,0.6375,466.29,14.4
2023-05-06,2,1479.0,337,337,191,146,4,25.0,3.86,4.39,7,5,1,52,0.65,601.5,21.17
2023-05-06,3,1433.1,327,327,180,147,7,10.68,4.25,4.38,13,5,1,52,0.65,457.89,10.33
2023-05-07,1,1416.6,324,324,191,133,7,10.96,4.35,4.37,7,6,1,51,0.6375,508.86,23.2
2023-05-07,2,1168.55,251,251,113,138,6,7.97,4.62,4.66,7,6,1,58,0.725,387.65,18.21
2023-05-07,3,1957.55,437,437,220,217,8,17.03,3.6,4.48,10,6,1,59,0.7375,762.61,29.33
2023-05-08,1,1967.68,391,391,146,245,8,11.97,3.89,5.03,13,0,0,66,0.825,711.75,24.76
2023-05-08,2,1869.15,399,399,147,252,7,19.1,3.55,4.68,10,0,0,61,0.7625,688.94,26.56
2023-05-08,3,1767.38,396,396,131,265,7,18.53,3.67,4.46,9,0,0,63,0.7875,575.84,28.57
2023-05-09,1,1362.11,313,313,126,187,7,9.65,4.21,4.35,10,1,0,60,0.75,530.82,11.19
2023-05-09,2,1822.66,351,351,138,213,7,13.15,4.16,5.19,10,1,0,66,0.825,668.44,30.9
2023-05-09,3,1916.2,430,430,132,298,8,16.14,3.82,4.46,10,1,0,63,0.7875,606.12,13.96
2023-05-10,1,1716.9,380,380,144,236,8,11.52,4.1,4.52,8,2,0,66,0.825,632.39,21.56
2023-05-10,2,1596.8,361,361,159,202,7,14.25,3.77,4.42,6,2,0,62,0.775,561.74,52.41
2023-05-10,3,1942.63,422,422,153,269,8,15.22,3.8,4.6,7,2,0,72,0.9,637.29,16.22
2023-05-11,1,1395.0,313,313,94,219,7,9.18,4.49,4.46,9,3,0,63,0.7875,468.3,11.21
2023-05-11,2,1549.75,350,350,122,228,7,12.96,4.18,4.43,8,3,0,61,0.7625,477.31,16.04
2023-05-11,3,1905.31,404,404,180,224,8,13.19,3.87,4.72,10,3,0,69,0.8625,707.27,20.77
2023-05-12,1,1175.08,254,254,94,160,7,5.36,4.76,4.63,9,4,0,59,0.7375,473.2,15.23
2023-05-12,2,1609.65,375,375,140,235,7,15.48,3.63,4.29,10,4,0,62,0.775,557.44,25.26
2023-05-12,3,1896.4,411,411,135,276,8,14.09,3.78,4.61,9,4,0,70,0.875,694.12,15.78
2023-05-13,1,1299.85,315,315,188,127,7,9.63,4.32,4.13,10,5,1,54,0.675,497.71,24.52
2023-05-13,2,1899.08,388,388,187,201,7,17.33,3.55,4.89,7,5,1,67,0.8375,646.2,27.18
2023-05-13,3,2312.6,445,445,264,181,8,17.49,3.6,5.2,10,5,1,72,0.9,765.01,39.08
2023-05-14,1,1482.0,293,293,152,141,7,7.72,4.54,5.06,9,6,1,64,0.8,498.07,23.03
2023-05-14,2,1590.94,354,354,162,192,7,13.72,3.95,4.49,9,6,1,67,0.8375,519.05,25.12
2023-05-14,3,1979.71,424,424,253,171,8,15.52,3.55,4.67,9,6,1,71,0.8875,750.81,28.01
2023-05-15,1,2180.88,447,447,178,269,9,12.65,3.76,4.88,10,0,0,70,0.875,744.38,25.0
2023-05-15,2,1611.45,367,367,154,213,7,14.98,3.93,4.39,6,0,0,65,0.8125,511.09,13.5
2023-05-15,3,1592.65,342,342,144,198,7,12.33,4.34,4.66,7,0,0,66,0.825,544.33,49.49
2023-05-16,1,2042.15,450,450,141,309,9,13.2,4.03,4.54,10,1,0,67,0.8375,795.7,38.97
2023-05-16,2,1684.2,370,370,113,257,7,15.75,3.79,4.55,8,1,0,65,0.8125,628.88,30.16
2023-05-16,3,1815.78,399,399,148,251,7,18.48,3.77,4.55,10,1,0,66,0.825,654.41,31.1
2023-05-17,1,1942.5,398,398,162,236,8,12.87,3.87,4.88,7,2,0,66,0.825,739.54,15.65
2023-05-17,2,1684.15,369,369,164,205,7,15.52,3.67,4.56,6,2,0,64,0.8,635.78,18.46
2023-05-17,3,1791.35,247,247,97,150,6,8.0,4.35,7.25,9,2,0,58,0.725,641.23,26.77
2023-05-18,1,1965.94,397,397,169,228,8,12.69,3.9,4.95,10,3,0,71,0.8875,633.24,27.51
2023-05-18,2,1668.2,376,376,117,259,7,15.89,3.83,4.44,6,3,0,67,0.8375,539.81,18.39
2023-05-18,3,1949.33,419,419,126,293,5,25.0,3.71,4.65,10,3,0,69,0.8625,651.08,20.05
2023-05-19,1,2184.7,448,448,173,275,6,25.0,3.68,4.88,10,4,0,70,0.875,775.59,33.02
2023-05-19,2,1564.35,361,361,129,232,7,14.28,3.7,4.33,6,4,0,61,0.7625,602.69,15.55
2023-05-19,3,1908.83,405,405,155,250,8,13.81,3.99,4.71,7,4,0,69,0.8625,593.68,25.13
2023-05-20,1,1798.73,416,416,194,222,8,14.82,3.93,4.32,8,5,1,73,0.9125,609.02,51.71
2023-05-20,2,1837.4,357,357,212,145,7,14.21,3.75,5.15,7,5,1,62,0.775,658.49,28.26
2023-05-20,3,1883.15,393,393,201,192,5,25.0,3.74,4.79,8,5,1,69,0.8625,670.24,16.74
2023-05-21,1,1568.78,295,295,161,134,7,8.55,4.41,5.32,9,6,1,68,0.85,616.65,23.83
2023-05-21,2,1716.95,322,322,171,151,7,10.06,4.5,5.33,7,6,1,66,0.825,575.18,27.34
2023-05-21,3,2085.08,436,436,249,187,8,16.43,3.46,4.78,10,6,1,68,0.85,706.3,25.21
2023-05-22,1,1773.15,390,390,142,248,8,11.73,4.23,4.55,11,0,0,51,0.6375,661.79,22.77
2023-05-22,2,2257.06,407,407,143,264,8,14.11,3.93,5.55,10,0,0,68,0.85,699.22,22.3
2023-05-22,3,1510.95,320,320,118,202,7,9.89,4.18,4.72,10,0,0,67,0.8375,498.03,10.34
2023-05-23,1,1653.1,359,359,143,216,7,13.87,3.97,4.6,19,1,0,51,0.6375,594.65,27.5
2023-05-23,2,1753.88,322,322,143,179,7,9.87,4.47,5.45,10,1,0,65,0.8125,567.54,17.91
2023-05-23,3,1835.93,394,394,157,237,7,18.09,3.76,4.66,9,1,0,65,0.8125,678.72,30.92
2023-05-24,1,1889.65,422,422,166,256,8,15.09,3.73,4.48,13,2,0,51,0.6375,741.64,19.56
2023-05-24,2,1968.6,368,368,110,258,7,15.04,3.7,5.35,8,2,0,65,0.8125,757.65,17.46
2023-05-24,3,1533.2,314,314,111,203,6,14.57,4.0,4.88,10,2,0,62,0.775,608.17,27.9
2023-05-25,1,1628.15,369,369,150,219,8,10.87,4.16,4.41,13,3,0,51,0.6375,524.69,16.57
2023-05-25,2,2005.3,353,353,116,237,7,13.11,3.84,5.68,8,3,0,65,0.8125,759.5,23.76
2023-05-25,3,1597.4,321,321,126,195,7,10.0,4.4,4.98,8,3,0,65,0.8125,609.18,14.21
2023-05-26,1,1826.65,409,409,131,278,8,13.96,3.71,4.47,9,4,0,51,0.6375,732.38,16.78
2023-05-26,2,1967.0,343,343,147,196,7,12.26,4.05,5.73,6,4,0,65,0.8125,752.99,34.95
2023-05-26,3,1507.3,337,337,140,197,7,11.7,4.35,4.47,9,4,0,64,0.8,584.52,16.42
2023-05-27,1,1661.05,374,374,212,162,8,10.46,4.3,4.44,11,5,1,51,0.6375,592.64,19.96
2023-05-27,2,2242.85,403,403,201,202,8,13.68,4.05,5.57,10,5,1,68,0.85,737.33,23.23
2023-05-27,3,1655.25,406,406,198,208,8,14.14,3.94,4.08,10,5,1,54,0.675,532.37,40.64
2023-05-28,1,1612.85,372,372,200,172,8,10.86,3.97,4.34,8,6,1,51,0.6375,565.56,23.31
2023-05-28,2,1461.05,328,328,194,134,7,11.21,4.26,4.45,16,6,1,52,0.65,515.08,21.6
2023-05-28,3,1264.75,299,299,167,132,6,12.81,4.33,4.23,16,6,1,52,0.65,477.77,13.68
2023-05-29,1,1637.1,363,363,151,212,8,9.48,4.38,4.51,13,0,0,51,0.6375,592.73,17.56
2023-05-29,2,1197.25,286,286,95,191,6,11.48,4.13,4.19,13,0,0,52,0.65,457.28,18.99
2023-05-29,3,1125.15,257,257,99,158,6,8.03,4.34,4.38,16,0,0,51,0.6375,409.88,15.79
2023-05-30,1,1670.95,382,382,153,229,8,11.33,4.14,4.37,8,1,0,60,0.75,611.07,12.9
2023-05-30,2,1732.03,333,333,121,212,7,11.78,3.95,5.2,9,1,0,68,0.85,666.3,27.54
2023-05-30,3,1432.5,307,307,131,176,6,14.18,4.19,4.67,9,1,0,65,0.8125,562.09,15.03
2023-05-31,1,1671.11,367,367,127,240,8,10.3,4.05,4.55,8,2,0,65,0.8125,660.07,14.98
2023-05-31,2,1649.27,320,320,109,211,7,9.74,4.43,5.15,10,2,0,66,0.825,564.67,13.59
2023-05-31,3,1363.75,295,295,106,189,6,12.64,4.02,4.62,10,2,0,68,0.85,540.9,22.77
2023-06-01,1,1794.85,408,408,163,245,8,13.49,3.74,4.4,15,3,0,51,0.6375,671.45,30.69
2023-06-01,2,1602.95,350,350,138,212,7,13.52,4.03,4.58,9,3,0,52,0.65,600.19,16.07
2023-06-01,3,1829.2,392,392,127,265,7,18.04,3.69,4.67,11,3,0,51,0.6375,586.74,23.38
2023-06-02,1,1915.45,432,432,182,250,8,15.81,3.58,4.43,13,4,0,51,0.6375,599.94,17.74
2023-06-02,2,1439.45,330,330,143,187,7,10.66,4.14,4.36,14,4,0,52,0.65,517.66,45.65
2023-06-02,3,1701.6,381,381,170,211,7,16.67,3.87,4.47,17,4,0,52,0.65,579.89,27.1
2023-06-03,1,1953.5,439,439,228,211,8,16.68,3.77,4.45,11,5,1,51,0.6375,624.02,15.81
2023-06-03,2,1600.35,361,361,190,171,7,14.43,3.69,4.43,12,5,1,52,0.65,560.74,22.36
2023-06-03,3,1612.8,360,360,186,174,7,13.76,3.91,4.48,18,5,1,52,0.65,660.93,21.96
2023-06-04,1,1760.9,400,400,185,215,8,12.84,3.89,4.4,12,6,1,51,0.6375,627.78,21.48
2023-06-04,2,1595.35,351,351,194,157,7,13.51,3.98,4.55,15,6,1,52,0.65,621.07,30.69
2023-06-04,3,1628.9,363,363,194,169,7,14.88,3.8,4.49,11,6,1,51,0.6375,659.99,28.21
2023-06-05,1,1842.45,416,416,182,234,8,15.05,3.73,4.43,12,0,0,51,0.6375,564.12,19.37
2023-06-05,2,1537.0,348,348,156,192,7,13.3,4.03,4.42,14,0,0,52,0.65,471.31,12.3
2023-06-05,3,1531.7,346,346,147,199,7,13.05,4.07,4.43,9,0,0,51,0.6375,613.59,29.41
2023-06-06,1,1397.1,313,313,113,200,7,9.6,4.36,4.46,15,1,0,51,0.6375,563.78,41.27
2023-06-06,2,1590.4,366,366,121,245,7,15.08,3.86,4.35,7,1,0,52,0.65,589.3,17.5
2023-06-06,3,1611.4,362,362,151,211,7,14.9,3.75,4.45,13,1,0,51,0.6375,565.75,14.86
2023-06-07,1,1555.55,355,355,147,208,7,13.86,3.95,4.38,12,2,0,51,0.6375,551.3,16.67
2023-06-07,2,1282.05,275,275,117,158,6,9.95,4.43,4.66,10,2,0,63,0.7875,484.23,11.65
2023-06-07,3,2045.5,453,453,146,307,8,18.93,3.5,4.52,10,2,0,62,0.775,740.44,16.41
2023-06-08,1,2168.68,414,414,130,284,8,14.7,3.88,5.24,19,3,0,72,0.9,736.2,18.0
2023-06-08,2,1954.8,407,407,130,277,8,13.71,3.68,4.8,10,3,0,65,0.8125,723.58,17.6
2023-06-08,3,2028.11,448,448,170,278,8,17.61,3.63,4.53,9,3,0,69,0.8625,714.07,28.82
2023-06-09,1,1518.48,341,341,129,212,7,11.79,4.03,4.45,7,4,0,63,0.7875,526.95,10.57
2023-06-09,2,2159.08,392,392,155,237,7,17.8,3.52,5.51,10,4,0,65,0.8125,703.09,33.38
2023-06-09,3,2189.6,491,491,196,295,8,22.31,3.62,4.46,9,4,0,64,0.8,886.1,29.59
2023-06-10,1,1749.45,375,375,203,172,8,11.02,4.18,4.67,9,5,1,67,0.8375,719.21,20.82
2023-06-10,2,1886.6,396,396,182,214,7,18.03,3.54,4.76,9,5,1,64,0.8,702.35,30.51
2023-06-10,3,1990.7,439,439,244,195,8,17.03,3.46,4.53,10,5,1,71,0.8875,750.14,28.49
2023-06-11,1,1703.65,368,368,181,187,8,10.74,4.16,4.63,9,6,1,66,0.825,685.52,21.94
2023-06-11,2,1712.43,385,385,200,185,4,25.0,3.55,4.45,6,6,1,63,0.7875,614.88,21.61
2023-06-11,3,2002.53,455,455,216,239,8,18.98,3.47,4.4,8,6,1,68,0.85,794.27,22.73
2023-06-12,1,1244.6,273,273,85,188,7,6.48,4.73,4.56,9,0,0,58,0.725,460.79,17.97
2023-06-12,2,1977.5,436,436,179,257,8,16.4,3.54,4.54,10,0,0,65,0.8125,798.41,36.88
2023-06-12,3,2106.6,453,453,196,257,8,18.93,3.5,4.65,9,0,0,68,0.85,684.37,26.29
2023-06-13,1,1439.45,341,341,124,217,7,12.03,4.26,4.22,7,1,0,55,0.6875,569.78,22.86
2023-06-13,2,2215.11,447,447,181,266,8,17.9,3.54,4.96,8,1,0,68,0.85,884.8,29.01
2023-06-13,3,2534.8,493,493,174,319,8,22.74,3.41,5.14,8,1,0,70,0.875,836.37,37.97
2023-06-14,1,1588.55,303,303,113,190,7,8.72,4.65,5.24,8,2,0,65,0.8125,519.8,11.56
2023-06-14,2,1751.36,393,393,157,236,7,17.58,3.62,4.46,10,2,0,64,0.8,544.43,13.82
2023-06-14,3,2496.61,498,498,151,347,4,25.0,3.64,5.01,9,2,0,74,0.925,948.62,75.6
2023-06-15,1,2373.21,468,468,200,268,9,14.3,3.63,5.07,9,3,0,71,0.8875,856.05,37.63
2023-06-15,2,1644.85,377,377,153,224,7,16.2,3.57,4.36,10,3,0,67,0.8375,531.89,22.29
2023-06-15,3,1788.18,392,392,139,253,7,17.58,3.57,4.56,7,3,0,70,0.875,670.42,26.32
2023-06-16,1,2229.8,483,483,202,281,6,25.0,3.75,4.62,7,4,0,70,0.875,899.57,44.5
2023-06-16,2,1805.68,412,412,144,268,8,14.33,3.8,4.38,8,4,0,67,0.8375,730.51,19.09
2023-06-16,3,1975.95,436,436,170,266,8,16.27,3.81,4.53,7,4,0,66,0.825,663.86,21.38
2023-06-17,1,2072.65,435,435,210,225,8,16.38,3.85,4.76,10,5,1,66,0.825,855.41,39.29
2023-06-17,2,1724.85,391,391,178,213,7,18.02,3.45,4.41,6,5,1,67,0.8375,682.12,19.89
2023-06-17,3,2320.1,273,273,125,148,6,10.19,4.25,8.5,10,5,1,62,0.775,825.06,30.98
2023-06-18,1,2044.88,437,437,226,211,8,17.08,3.51,4.68,10,6,1,70,0.875,743.56,37.11
2023-06-18,2,1805.28,402,402,218,184,8,13.06,4.12,4.49,9,6,1,71,0.8875,713.72,22.18
2023-06-18,3,2175.93,451,451,233,218,8,18.43,3.7,4.82,8,6,1,72,0.9,892.26,37.69
2023-06-19,1,2546.43,489,489,214,275,9,16.19,3.41,5.21,10,0,0,74,0.925,938.45,33.92
2023-06-19,2,1733.4,400,400,173,227,8,13.46,3.76,4.33,6,0,0,63,0.7875,558.35,16.55
2023-06-19,3,2124.08,454,454,180,274,8,18.62,3.42,4.68,7,0,0,70,0.875,732.96,17.74
2023-06-20,1,1679.38,434,434,191,243,8,16.22,3.62,3.87,8,1,0,71,0.8875,622.6,13.22
2023-06-20,2,1929.63,372,372,124,248,7,15.84,3.66,5.19,10,1,0,65,0.8125,730.5,35.02
2023-06-20,3,1885.65,396,396,123,273,7,18.51,3.5,4.76,8,1,0,68,0.85,753.04,29.42
2023-06-21,1,1614.25,317,317,111,206,7,10.18,4.24,5.09,9,2,0,66,0.825,527.24,25.09
2023-06-21,2,1890.3,351,351,122,229,7,13.32,3.87,5.39,7,2,0,68,0.85,684.47,14.17
2023-06-21,3,2303.83,485,485,146,339,8,22.11,3.66,4.75,10,2,0,69,0.8625,812.49,26.58
2023-06-22,1,1912.05,407,407,127,280,4,25.0,3.48,4.7,16,3,0,51,0.6375,669.65,17.67
2023-06-22,2,2145.95,399,399,173,226,7,18.59,3.6,5.38,8,3,0,69,0.8625,851.1,30.14
2023-06-22,3,1557.1,341,341,131,210,5,25.0,3.76,4.57,9,3,0,63,0.7875,582.54,14.86
2023-06-23,1,1864.4,409,409,154,255,8,13.68,3.86,4.56,7,4,0,51,0.6375,629.29,54.62
2023-06-23,2,1933.38,356,356,132,224,7,14.25,3.93,5.43,10,4,0,66,0.825,747.9,20.0
2023-06-23,3,1984.08,402,402,180,222,5,25.0,3.77,4.94,9,4,0,64,0.8,750.76,30.33
2023-06-24,1,2117.55,472,472,215,257,9,14.52,3.81,4.49,11,5,1,51,0.6375,737.03,16.31
2023-06-24,2,2097.75,383,383,218,165,7,17.13,3.55,5.48,10,5,1,66,0.825,773.52,23.77
2023-06-24,3,1690.8,359,359,201,158,7,13.62,4.05,4.71,10,5,1,62,0.775,601.77,15.49
2023-06-25,1,1740.7,396,396,182,214,8,13.1,3.94,4.4,8,6,1,51,0.6375,696.98,26.72
2023-06-25,2,2244.95,402,402,226,176,8,13.54,4.07,5.58,8,6,1,66,0.825,888.32,41.07
2023-06-25,3,1769.2,376,376,185,191,7,16.21,3.58,4.71,8,6,1,67,0.8375,722.21,14.85
2023-06-26,1,1975.1,432,432,148,284,8,16.44,3.49,4.57,9,0,0,51,0.6375,785.26,36.07
2023-06-26,2,2154.7,376,376,157,219,7,16.11,3.73,5.73,6,0,0,66,0.825,873.15,23.61
2023-06-26,3,1746.1,387,387,133,254,7,17.36,3.81,4.51,7,0,0,64,0.8,548.15,13.41
2023-06-27,1,1861.55,421,421,139,282,8,14.67,3.83,4.42,11,1,0,51,0.6375,622.69,30.01
2023-06-27,2,2437.4,442,442,140,302,8,17.57,3.45,5.51,10,1,0,66,0.825,835.63,28.5
2023-06-27,3,1676.7,414,414,149,265,8,14.89,3.69,4.05,10,1,0,54,0.675,569.07,20.66
2023-06-28,1,1758.1,393,393,133,260,8,12.48,4.16,4.47,11,2,0,51,0.6375,679.67,30.44
2023-06-28,2,1524.95,343,343,146,197,7,12.86,3.88,4.45,13,2,0,52,0.65,473.41,22.43
2023-06-28,3,1445.85,334,334,138,196,7,11.96,4.32,4.33,14,2,0,52,0.65,521.68,12.86
2023-06-29,1,1852.75,410,410,178,232,8,13.91,3.8,4.52,16,3,0,51,0.6375,669.8,28.3
2023-06-29,2,1299.45,305,305,134,171,6,14.23,3.96,4.26,13,3,0,52,0.65,467.43,14.58
2023-06-29,3,1298.55,294,294,90,204,6,12.53,3.96,4.42,11,3,0,50,0.625,408.42,13.81
2023-06-30,1,1807.65,404,404,145,259,8,13.61,3.77,4.47,10,4,0,61,0.7625,659.09,31.93
2023-06-30,2,1768.74,348,348,110,238,7,13.31,3.99,5.08,9,4,0,67,0.8375,714.09,22.14
2023-06-30,3,1904.93,343,343,148,195,7,12.22,4.31,5.55,11,4,0,66,0.825,660.95,25.74
